Josh,32
Josh,147
Josh,858
Josh,460
Josh,912
Josh,617
Josh,702
Josh,330
Josh,964
Josh,732
Josh,724
Josh,755
Josh,239
Josh,761
Josh,433
Josh,892
Josh,727
Josh,522
Josh,971
Josh,629
Josh,694
Josh,95
Josh,851
Josh,908
Josh,395
Josh,576
Josh,367
Josh,1000
Josh,49
Josh,504
Josh,808
Josh,209
Josh,199
Josh,417
Josh,471
Josh,907
Josh,319
Josh,946
Josh,549
Josh,335
Josh,488
Josh,954
Josh,174
Josh,825
Josh,277
Josh,721
Josh,857
Josh,333
Josh,360
Josh,811
Josh,935
Josh,260
Josh,1000
Josh,734
Josh,402
Josh,99
Josh,310
Josh,68
Josh,116
Josh,762
Josh,361
Josh,757
Josh,771
Josh,647
Josh,33
Josh,742
Josh,720
Josh,216
Josh,859
Josh,728
Josh,598
Josh,522
Josh,970
Josh,74
Josh,905
Josh,117
Josh,8
Josh,933
Josh,764
Josh,50
Josh,504
Josh,771
Josh,306
Josh,9
Josh,280
Josh,756
Josh,487
Josh,539
Josh,711
Josh,379
Josh,155
Josh,696
Josh,472
Josh,974
Josh,747
Josh,152
Josh,885
Josh,896
Josh,649
Josh,838
Luke,669
Luke,608
Luke,516
Luke,235
Luke,349
Luke,886
Luke,332
Luke,106
Luke,410
Luke,980
Luke,632
Luke,905
Luke,670
Luke,735
Luke,552
Luke,140
Luke,790
Luke,42
Luke,423
Luke,76
Luke,288
Luke,102
Luke,749
Luke,502
Luke,342
Luke,469
Luke,524
Luke,625
Luke,830
Luke,255
Luke,419
Luke,284
Luke,485
Luke,444
Luke,632
Luke,602
Luke,390
Luke,662
Luke,300
Luke,780
Luke,594
Luke,561
Luke,27
Luke,487
Luke,857
Luke,731
Luke,890
Luke,127
Luke,965
Luke,240
Luke,193
Luke,26
Luke,606
Luke,267
Luke,237
Luke,649
Luke,590
Luke,17
Luke,93
Luke,112
Luke,743
Luke,399
Luke,889
Luke,692
Luke,950
Luke,840
Luke,595
Luke,482
Luke,122
Luke,524
Luke,938
Luke,937
Luke,896
Luke,52
Luke,899
Luke,969
Luke,964
Luke,391
Luke,497
Luke,662
Luke,265
Luke,8
Luke,881
Luke,881
Luke,44
Luke,453
Luke,150
Luke,41
Luke,113
Luke,545
Luke,667
Luke,599
Luke,282
Luke,567
Luke,787
Luke,296
Luke,190
Luke,982
Luke,934
Luke,482
Kate,193
Kate,837
Kate,313
Kate,652
Kate,574
Kate,810
Kate,738
Kate,730
Kate,662
Kate,753
Kate,349
Kate,236
Kate,650
Kate,231
Kate,885
Kate,85
Kate,745
Kate,733
Kate,771
Kate,639
Kate,453
Kate,976
Kate,557
Kate,378
Kate,911
Kate,771
Kate,316
Kate,50
Kate,285
Kate,873
Kate,212
Kate,533
Kate,242
Kate,353
Kate,510
Kate,371
Kate,796
Kate,42
Kate,313
Kate,324
Kate,220
Kate,385
Kate,120
Kate,252
Kate,473
Kate,478
Kate,666
Kate,783
Kate,620
Kate,132
Kate,658
Kate,643
Kate,332
Kate,753
Kate,958
Kate,732
Kate,921
Kate,103
Kate,543
Kate,176
Kate,527
Kate,213
Kate,448
Kate,432
Kate,853
Kate,865
Kate,805
Kate,710
Kate,474
Kate,616
Kate,347
Kate,174
Kate,764
Kate,968
Kate,440
Kate,723
Kate,899
Kate,324
Kate,122
Kate,188
Kate,379
Kate,808
Kate,531
Kate,652
Kate,852
Kate,654
Kate,774
Kate,278
Kate,483
Kate,151
Kate,333
Kate,17
Kate,811
Kate,679
Kate,370
Kate,396
Kate,942
Kate,766
Kate,898
Kate,443
Mark,808
Mark,359
Mark,118
Mark,180
Mark,13
Mark,588
Mark,680
Mark,73
Mark,235
Mark,999
Mark,623
Mark,24
Mark,915
Mark,517
Mark,689
Mark,443
Mark,126
Mark,540
Mark,386
Mark,732
Mark,312
Mark,13
Mark,526
Mark,453
Mark,645
Mark,385
Mark,987
Mark,741
Mark,166
Mark,797
Mark,373
Mark,990
Mark,546
Mark,596
Mark,804
Mark,192
Mark,921
Mark,998
Mark,532
Mark,696
Mark,547
Mark,660
Mark,520
Mark,496
Mark,615
Mark,861
Mark,797
Mark,20
Mark,348
Mark,326
Mark,938
Mark,705
Mark,800
Mark,109
Mark,849
Mark,865
Mark,516
Mark,265
Mark,584
Mark,486
Mark,240
Mark,582
Mark,938
Mark,801
Mark,556
Mark,824
Mark,823
Mark,819
Mark,171
Mark,159
Mark,100
Mark,653
Mark,969
Mark,931
Mark,798
Mark,835
Mark,462
Mark,455
Mark,290
Mark,556
Mark,922
Mark,602
Mark,80
Mark,153
Mark,664
Mark,560
Mark,944
Mark,828
Mark,851
Mark,902
Mark,937
Mark,543
Mark,131
Mark,385
Mark,220
Mark,283
Mark,856
Mark,178
Mark,393
Mark,737
Mary,172
Mary,604
Mary,90
Mary,123
Mary,297
Mary,875
Mary,887
Mary,26
Mary,999
Mary,580
Mary,592
Mary,950
Mary,922
Mary,505
Mary,691
Mary,615
Mary,616
Mary,738
Mary,816
Mary,562
Mary,519
Mary,604
Mary,22
Mary,542
Mary,876
Mary,651
Mary,815
Mary,17
Mary,231
Mary,673
Mary,239
Mary,331
Mary,540
Mary,848
Mary,288
Mary,204
Mary,889
Mary,100
Mary,77
Mary,370
Mary,0
Mary,650
Mary,625
Mary,374
Mary,225
Mary,885
Mary,447
Mary,549
Mary,521
Mary,576
Mary,594
Mary,740
Mary,973
Mary,166
Mary,573
Mary,901
Mary,347
Mary,710
Mary,70
Mary,786
Mary,466
Mary,993
Mary,851
Mary,111
Mary,855
Mary,918
Mary,997
Mary,245
Mary,260
Mary,234
Mary,710
Mary,883
Mary,294
Mary,582
Mary,195
Mary,299
Mary,312
Mary,806
Mary,913
Mary,527
Mary,523
Mary,303
Mary,503
Mary,620
Mary,657
Mary,389
Mary,559
Mary,319
Mary,883
Mary,967
Mary,618
Mary,504
Mary,778
Mary,560
Mary,539
Mary,77
Mary,211
Mary,429
Mary,959
Mary,303
